Nombres,Apellidos,Documento,Id_sedeCiudad,Id_sedeDireccion,Id_contrato
Alex,Camacho Rodriguez,1025564532,Bogotá,calle50sur-carrera3norte,1
Juan Esteban,Lopez Cepeda,1023514562,Bogotá,calle50sur-carrera3norte,2
Johana,Rodriguez,1022365324,Bogotá,calle50sur-carrera3norte,3
Lorena,Gaviria,1056245888,Bogotá,carrera6norte-calle100norte,4
Jesus,Rodriguez,1365452694,Bogotá,carrera6norte-calle100norte,5
Andres,Gomez,1235645879,Bogotá,carrera4-calle65norte,6
Esteban,Ramos,1265485635,Bogotá,calle5norte-carrera3norte,7
Natalia,Molina,1205600054,Bogotá,calle77norte-carrera6norte,8
Carolina,Mendoza,1151452623,Bogotá,calle77norte-carrera6norte,9
Sergio,Guerrero,1026665485,Bogotá,calle77norte-carrera6norte,10
Ramiro,Olmeda,1036598456,Bogotá,carrera66norte-calle2norte,11
Ivan,Mejia,1025648596,Bucaramanga,calle5sur-carrera5norte,12
Ana,Catro,1564856639,Bucaramanga,calle5sur-carrera5norte,13
Dayana,Mendoza,1532648596,Bucaramanga,calle5sur-carrera5norte,14
Alvaro,Cardenas,1202520255,Bucaramanga,carrera61sur-calle61sur,15
Ali,Paez,1023620259,Cali,calle2sur-carrera33sur,16
Estefania,Zapata,1025488878,Cali,calle3norte-carrera3norte,17
Elizabeth,Mosquera,1023659658,Cali,calle53sur-carrera6sur,18
Laura,Marin,1023365485,Cali,calle66norte-carrera3norte,19
Laura,Londoño,1026548596,Cali,calle66norte-carrera3norte,20
Jose,Peña,1022223254,Cali,calle66norte-carrera3norte,21
Camilo,Garcia,1024854854,Cali,calle56sur-carrera66norte,22
Aldo,Espitia,1023365498,Cali,calle56sur-carrera66norte,23
Brayan,Cardenas,1000256999,Cali,calle1sur-carrera1sur,24
Anduin,Leuro,1956847841,Cartagena,calle55sur-carrera3norte,25
Jhon,Sanchez,1114587456,Cartagena,calle55sur-carrera3norte,26
Esteban,Castro,1236669856,Cartagena,calle88sur-carrera115norte,27
Sofia,Caicedo,1203336578,Cúcuta,calle55norte-carrera33sur,28
Olga,Torres,1115489994,Cúcuta,calle55norte-carrera33sur,29
Sandra,Osorio,1110236758,Cúcuta,calle55norte-carrera33sur,30
Edwin,Rojas,1596357482,Leticia,calle3norte-carrera2norte,31
Jose,Torres,1026548235,Medellín,carrera2sur-nortecalle3sur,32
Juan,Martines,1111266654,Medellín,carrera2sur-nortecalle3sur,33
Sara,Sanchez,1115699845,Medellín,calle2sur-carrera33sur,34
Valeria,Ramirez,1996523305,Medellín,calle2sur-carrera33sur,35
Rosa,Jimenez,1590090954,Medellín,carrera5sur-calle3sur,36
Hernando,Delgado,1084848485,Medellín,calle178norte-carrera3norte,37
Camilo,Ruiz,1058967359,Medellín,calle178norte-carrera3norte,38
Valentina,Camacho,1056485697,Popayán,calle75norte-carrera3norte,39
Maria,Diaz,1233336899,Popayán,carrera33norte-calle5norte,40
Alejandra,Quintero,1245784578,Santa Marta,calle5norte-carrera3sur,41
Annie,Alvarado,1474747147,Santa Marta,calle5norte-carrera3sur,42
Margarita,Hernandez,1459321232,Santa Marta,calle5norte-carrera3sur,43